State,Transitions,Percentage Transitions
2,1,0.00392156862745098
5,2,0.00784313725490196
6,253,0.9921568627450981
7,253,0.9921568627450981
8,253,0.9921568627450981
9,1,0.00392156862745098
10,1,0.00392156862745098
