State,Transitions,Percentage Transitions
2,1,0.00392156862745098
5,1,0.00392156862745098
6,1,0.00392156862745098
7,1,0.00392156862745098
8,1,0.00392156862745098
9,1,0.00392156862745098
10,1,0.00392156862745098
11,1,0.00392156862745098
12,1,0.00392156862745098
13,1,0.00392156862745098
14,1,0.00392156862745098
15,1,0.00392156862745098
16,1,0.00392156862745098
17,1,0.00392156862745098
18,1,0.00392156862745098
19,1,0.00392156862745098
20,253,0.9921568627450981
21,253,0.9921568627450981
22,3,0.011764705882352941
23,1,0.00392156862745098
24,2,0.00784313725490196
