State,Transitions,Percentage Transitions
2,26,0.10196078431372549
5,36,0.1411764705882353
6,37,0.1450980392156863
7,9,0.03529411764705882
8,10,0.0392156862745098
9,11,0.043137254901960784
