State,Transitions,Percentage Transitions
2,2,0.00784313725490196
5,31,0.12156862745098039
6,1,0.00392156862745098
7,253,0.9921568627450981
8,253,0.9921568627450981
9,253,0.9921568627450981
10,253,0.9921568627450981
11,253,0.9921568627450981
12,253,0.9921568627450981
