State,Transitions,Percentage Transitions
2,1,0.00392156862745098
5,2,0.00784313725490196
6,2,0.00784313725490196
