State,Transitions,Percentage Transitions
2,1,0.00392156862745098
5,1,0.00392156862745098
6,1,0.00392156862745098
7,99,0.38823529411764707
8,99,0.38823529411764707
9,99,0.38823529411764707
10,99,0.38823529411764707
11,99,0.38823529411764707
