State,Transitions,Percentage Transitions
2,2,0.00784313725490196
5,1,0.00392156862745098
6,253,0.9921568627450981
7,1,0.00392156862745098
8,1,0.00392156862745098
