State,Transitions,Percentage Transitions
2,253,0.9921568627450981
5,253,0.9921568627450981
6,1,0.00392156862745098
7,1,0.00392156862745098
8,1,0.00392156862745098
9,1,0.00392156862745098
10,1,0.00392156862745098
