State,Transitions,Percentage Transitions
2,2,0.00784313725490196
5,1,0.00392156862745098
6,1,0.00392156862745098
7,1,0.00392156862745098
8,1,0.00392156862745098
9,1,0.00392156862745098
10,1,0.00392156862745098
11,1,0.00392156862745098
12,1,0.00392156862745098
13,1,0.00392156862745098
14,1,0.00392156862745098
15,1,0.00392156862745098
