State,Transitions,Percentage Transitions
1,254,0.996078431372549
2,254,0.996078431372549
