State,Transitions,Percentage Transitions
2,2,0.00784313725490196
5,1,0.00392156862745098
6,1,0.00392156862745098
7,1,0.00392156862745098
8,1,0.00392156862745098
9,1,0.00392156862745098
10,1,0.00392156862745098
11,253,0.9921568627450981
12,253,0.9921568627450981
13,253,0.9921568627450981
14,253,0.9921568627450981
15,253,0.9921568627450981
16,253,0.9921568627450981
17,253,0.9921568627450981
18,253,0.9921568627450981
19,253,0.9921568627450981
20,253,0.9921568627450981
21,253,0.9921568627450981
