State,Transitions,Percentage Transitions
2,1,0.00392156862745098
5,1,0.00392156862745098
6,1,0.00392156862745098
7,1,0.00392156862745098
8,253,0.9921568627450981
9,253,0.9921568627450981
10,253,0.9921568627450981
11,253,0.9921568627450981
12,1,0.00392156862745098
13,1,0.00392156862745098
