State,Transitions,Percentage Transitions
2,253,0.9921568627450981
5,253,0.9921568627450981
6,253,0.9921568627450981
7,1,0.00392156862745098
8,253,0.9921568627450981
9,253,0.9921568627450981
10,253,0.9921568627450981
11,253,0.9921568627450981
12,254,0.996078431372549
