State,Transitions,Percentage Transitions
2,1,0.00392156862745098
5,1,0.00392156862745098
6,2,0.00784313725490196
7,1,0.00392156862745098
8,1,0.00392156862745098
9,1,0.00392156862745098
