State,Transitions,Percentage Transitions
2,2,0.00784313725490196
5,1,0.00392156862745098
6,2,0.00784313725490196
7,1,0.00392156862745098
8,253,0.9921568627450981
9,3,0.011764705882352941
10,1,0.00392156862745098
11,253,0.9921568627450981
12,253,0.9921568627450981
13,1,0.00392156862745098
14,1,0.00392156862745098
15,253,0.9921568627450981
16,253,0.9921568627450981
17,253,0.9921568627450981
18,253,0.9921568627450981
19,3,0.011764705882352941
20,1,0.00392156862745098
21,1,0.00392156862745098
22,3,0.011764705882352941
23,2,0.00784313725490196
24,2,0.00784313725490196
25,1,0.00392156862745098
26,253,0.9921568627450981
27,1,0.00392156862745098
28,2,0.00784313725490196
29,1,0.00392156862745098
30,1,0.00392156862745098
33,253,0.9921568627450981
34,1,0.00392156862745098
35,253,0.9921568627450981
36,1,0.00392156862745098
37,253,0.9921568627450981
38,1,0.00392156862745098
40,1,0.00392156862745098
41,1,0.00392156862745098
42,1,0.00392156862745098
43,1,0.00392156862745098
44,1,0.00392156862745098
45,1,0.00392156862745098
