State,Transitions,Percentage Transitions
2,1,0.00392156862745098
5,1,0.00392156862745098
6,1,0.00392156862745098
7,1,0.00392156862745098
8,2,0.00784313725490196
9,1,0.00392156862745098
10,10,0.0392156862745098
