State,Transitions,Percentage Transitions
2,1,0.00392156862745098
5,253,0.9921568627450981
6,253,0.9921568627450981
7,253,0.9921568627450981
8,253,0.9921568627450981
9,1,0.00392156862745098
10,1,0.00392156862745098
11,253,0.9921568627450981
12,253,0.9921568627450981
13,253,0.9921568627450981
14,253,0.9921568627450981
15,253,0.9921568627450981
16,253,0.9921568627450981
17,253,0.9921568627450981
18,253,0.9921568627450981
19,1,0.00392156862745098
20,1,0.00392156862745098
