State,Transitions,Percentage Transitions
2,1,0.00392156862745098
5,4,0.01568627450980392
6,253,0.9921568627450981
7,1,0.00392156862745098
8,4,0.01568627450980392
9,253,0.9921568627450981
10,1,0.00392156862745098
11,4,0.01568627450980392
