State,Transitions,Percentage Transitions
2,253,0.9921568627450981
5,253,0.9921568627450981
6,1,0.00392156862745098
7,2,0.00784313725490196
8,1,0.00392156862745098
9,1,0.00392156862745098
