State,Transitions,Percentage Transitions
2,94,0.3686274509803922
5,95,0.37254901960784315
6,1,0.00392156862745098
7,95,0.37254901960784315
8,1,0.00392156862745098
